Age,Experience,Income,Family,CCAvg,Education,Mortgage,Securities Account,CD Account,Online,CreditCard,Personal Loan
58,33,42,2,1.6,3,0,0,0,1,0,0
37,12,63,4,2.1,3,0,0,0,1,0,0
51,27,53,1,1.6,2,0,0,0,1,0,0
47,21,39,3,0.6,2,0,0,0,1,1,0
46,20,74,4,2.6,3,104,0,0,1,0,0
29,4,83,4,2.2,2,0,0,0,1,1,0
41,16,109,3,1,1,0,1,0,1,0,0
56,29,42,4,2.5,2,0,0,0,0,0,0
43,17,21,3,1.5,1,0,0,0,0,0,0
56,30,64,3,2.5,1,0,0,0,0,0,0
35,11,65,3,2.8,1,240,0,0,1,0,0
61,35,112,4,1.7,3,0,0,0,0,1,0
61,36,119,2,5.4,2,0,0,0,1,0,1
30,6,72,1,0.1,1,207,0,0,0,0,0
30,4,11,1,0.1,2,0,0,0,1,1,0
48,24,90,1,2.6,2,334,0,0,1,0,0
38,12,45,4,1.2,2,138,0,0,1,0,0
52,28,79,1,2.7,2,0,0,0,1,1,0
49,23,23,1,1.4,3,0,0,0,0,0,0
59,34,52,2,1.6,3,75,0,0,1,0,0
37,12,60,4,2.1,3,217,0,0,1,0,0
48,24,21,4,0.6,1,0,0,0,1,1,0
32,8,20,1,0.5,3,102,0,0,1,0,0
61,35,38,2,0.3,1,0,0,0,0,0,0
36,11,23,4,0.2,3,0,0,0,1,0,0
39,14,21,1,0.6,3,101,0,0,0,0,0
27,3,43,1,1,3,0,0,0,1,0,0
55,31,63,3,2.67,1,0,0,0,1,0,0
59,35,58,1,0,2,0,0,0,1,0,0
32,8,183,1,6,1,0,0,0,0,0,0
57,33,122,2,6,1,153,1,1,1,1,0
55,30,70,3,2,2,0,0,0,1,1,0
54,30,70,1,1.6,3,251,0,0,1,1,0
58,32,12,4,0.7,3,0,0,0,1,0,0
37,12,81,1,2.8,1,0,0,0,0,0,0
54,28,102,3,1.7,2,0,0,0,1,0,0
59,35,121,1,2.9,1,0,0,0,0,1,0
30,5,178,2,6.7,1,0,0,0,0,0,0
35,10,23,4,0.2,3,0,0,0,1,0,0
26,0,102,4,2.3,3,0,0,0,0,0,0
43,19,31,4,0.3,1,156,0,0,1,0,0
60,34,29,2,0.3,1,0,0,0,1,0,0
54,28,85,4,4.9,1,0,0,0,1,0,0
46,20,70,4,2.9,1,0,0,0,0,1,0
31,7,71,1,0.1,1,78,1,0,0,0,0
61,37,13,2,0.3,3,0,0,0,1,0,0
45,19,22,3,1.5,1,0,0,0,1,1,0
58,34,84,4,1.6,2,0,0,0,1,0,0
58,34,55,1,0.8,1,168,0,0,1,1,0
53,27,64,4,2.6,1,0,0,0,1,1,0
62,36,41,2,1,3,154,1,0,1,0,0
26,2,48,3,0.7,2,0,0,0,1,0,0
52,26,91,1,4.3,2,0,0,1,1,1,1
32,8,22,4,0.7,2,0,0,0,1,1,0
64,39,73,3,2.2,1,0,1,0,0,1,0
34,10,19,4,0.4,2,0,0,0,0,0,0
32,8,128,2,4.33,1,0,0,0,1,0,0
62,36,135,2,5.2,2,0,0,0,1,0,1
54,29,82,3,3.7,2,0,0,0,1,0,1
53,29,20,1,0.2,1,0,1,1,1,1,0
41,17,45,1,1.8,1,172,1,0,1,0,0
53,27,122,1,2.4,1,330,0,0,0,0,0
60,34,44,2,0.3,1,192,0,0,1,0,0
63,38,32,1,1.5,2,0,0,0,0,0,0
36,11,72,1,2.8,1,224,0,0,0,0,0
43,18,38,1,0.5,3,144,0,0,1,0,0
43,18,41,1,0.5,3,0,0,0,0,0,0
54,30,79,4,1.6,2,0,0,0,1,0,0
55,30,79,2,0,3,0,0,0,0,0,0
33,7,80,2,1.5,3,0,0,0,1,1,0
36,12,51,3,2,1,214,0,0,1,0,0
45,21,11,4,0.2,1,106,0,0,1,1,0
31,4,28,1,2,2,0,0,0,0,0,0
36,12,59,3,2,1,216,0,0,0,0,0
43,18,50,4,1.9,3,0,0,0,0,0,0
57,32,81,2,3.7,1,226,0,0,1,1,0
66,40,30,2,0.7,3,86,0,0,0,0,0
41,16,52,2,2.2,3,0,0,0,1,0,0
30,4,40,1,0.3,1,0,0,0,1,0,0
64,38,38,2,0.3,1,186,0,0,1,1,0
47,23,90,1,2.7,1,323,0,0,0,0,0
58,33,138,2,3.9,1,0,0,0,1,0,0
59,35,14,2,1,1,107,0,0,1,0,0
32,8,79,1,0.1,1,0,0,0,0,0,0
46,21,13,2,0.7,3,0,0,0,1,0,0
35,11,160,4,5.7,3,0,1,0,0,0,1
46,22,83,3,0.7,1,0,0,0,0,0,0
55,31,124,2,0.3,1,0,0,0,1,0,0
63,37,11,1,0.8,2,102,0,0,0,1,0
37,11,22,3,0.1,2,114,0,0,0,0,0
29,5,123,2,0.6,1,0,0,0,1,0,0
46,20,122,3,3,3,0,0,1,1,1,1
59,35,43,4,1.3,1,0,0,0,1,0,0
54,30,39,2,0.8,1,0,0,0,0,1,0
31,7,42,1,2.4,2,0,0,0,1,1,0
52,25,44,3,1,2,135,0,0,1,0,0
61,35,38,2,1,3,0,0,0,0,0,0
28,3,45,2,1.6,3,0,0,0,1,1,0
26,0,42,4,1.3,3,0,1,0,0,0,0
44,18,129,1,5.7,1,0,0,0,1,0,0
60,35,35,3,0.2,1,169,0,0,1,0,0
38,14,25,4,0.4,2,101,0,0,1,0,0
53,28,19,4,0.8,1,106,0,0,0,1,0
47,22,44,1,1.4,3,0,0,0,1,1,0
54,29,98,1,0.1,3,0,0,0,0,0,0
57,32,74,4,0.7,1,0,0,0,0,1,0
60,35,65,2,1.5,1,220,0,0,0,1,0
40,16,65,2,3.2,1,0,0,0,1,0,0
39,13,31,2,0.8,3,0,0,0,0,0,0
59,35,45,1,1.8,3,0,0,0,1,0,0
50,25,32,2,0.7,2,0,0,0,1,0,0
49,23,49,1,1.2,2,0,0,0,1,1,0
30,3,172,3,3.4,2,0,0,0,0,1,1
40,14,39,1,2,1,0,0,0,1,0,0
44,18,53,1,0.2,1,0,0,0,1,0,0
53,28,48,2,1.9,2,0,0,0,1,0,0
38,13,62,3,0.7,2,0,1,0,1,0,0
56,30,29,4,0.7,2,87,0,0,1,0,0
57,31,40,3,1.4,3,137,0,0,1,1,0
50,23,15,2,1,2,101,0,0,0,0,0
41,17,11,1,1,1,0,0,0,0,0,0
39,15,33,1,2,2,0,0,0,0,0,0
56,31,53,2,1.6,3,78,0,0,0,0,0
45,19,70,3,2.1,1,0,0,0,1,0,0
35,11,58,3,2,1,149,0,0,1,1,0
62,36,85,2,1.7,3,98,0,0,0,0,0
34,9,49,1,2.5,3,0,0,0,0,0,0
36,12,113,4,0.2,1,0,0,0,0,0,1
30,4,194,2,4.5,1,0,0,0,0,1,0
51,27,12,2,0.4,1,0,0,0,0,1,0
58,34,152,4,3.6,3,0,0,0,0,0,1
57,33,95,2,1.6,1,0,0,0,0,0,0
28,3,115,1,1.9,1,200,0,0,1,0,0
65,40,49,3,0.5,2,0,0,0,1,0,0
54,28,90,1,0.3,1,0,0,0,1,0,0
39,13,81,2,2.8,1,0,0,0,1,0,0
61,36,184,4,2.3,2,342,0,1,1,1,1
39,15,52,3,2.33,1,0,0,0,1,0,0
38,14,49,1,1.8,1,0,0,0,0,0,0
33,8,130,3,6.3,2,99,0,0,0,1,1
24,-1,78,2,1.8,2,0,0,0,0,0,0
43,17,49,1,2.8,1,0,0,0,1,0,0
59,35,52,4,1.5,1,0,0,0,1,1,0
44,20,30,4,0.3,1,0,0,0,0,1,0
38,14,92,2,0,1,249,0,0,1,1,0
56,32,79,3,2.67,1,0,0,0,1,0,0
34,8,82,2,1.5,3,0,1,1,1,1,0
29,3,50,3,1.1,2,0,0,0,0,1,0
36,10,42,4,1.2,2,0,0,0,1,1,0
39,15,45,1,0.7,1,0,0,0,1,0,0
58,33,34,3,0.2,1,83,0,0,1,0,0
26,2,135,1,1.5,1,0,0,0,0,0,0
29,3,41,4,1.3,3,0,0,0,1,0,0
44,19,30,1,0.6,3,0,0,0,1,0,0
31,7,31,4,0.4,2,79,0,0,0,0,0
50,26,110,3,1.8,2,0,0,0,1,0,0
55,28,38,3,1,2,0,0,0,1,0,0
41,16,104,1,1,3,0,0,0,1,0,0
55,29,49,2,0.8,3,220,0,0,0,1,0
42,18,89,4,0.8,1,184,0,0,0,0,0
35,10,142,4,0.8,3,0,0,0,0,0,1
64,37,138,2,2.8,2,0,0,0,1,0,1
66,41,59,3,2.4,1,0,0,0,0,0,0
49,25,8,1,0.3,1,97,0,0,0,0,0
26,2,12,4,1,1,0,0,0,1,0,0
27,1,41,4,1.8,3,147,0,0,0,0,0
57,31,164,2,3.8,3,422,0,1,1,1,1
46,20,69,3,2.1,1,0,0,0,0,0,0
48,22,78,3,1.1,1,0,0,0,1,0,0
31,6,133,1,1.5,3,0,0,0,0,0,1
29,5,128,1,1.5,1,0,0,0,1,1,0
63,39,119,1,2.9,1,0,1,0,1,0,0
62,38,45,4,1.3,2,0,0,0,1,0,0
30,6,160,1,4.3,1,249,0,0,1,0,0
42,16,111,2,1.2,3,251,0,0,1,0,1
41,17,81,4,0.2,3,167,1,0,0,0,0
63,38,129,1,0.9,1,366,0,0,1,0,0
54,30,120,1,7.4,1,119,0,0,1,1,0
27,1,98,4,2.3,3,0,0,0,0,1,0
41,14,38,3,1,2,150,0,0,1,0,0
64,39,82,4,3.4,2,0,0,0,1,0,0
49,22,78,3,2,2,0,0,0,1,0,0
63,37,41,1,0.5,3,0,0,0,0,1,0
63,33,40,4,1.67,3,0,0,0,1,0,0
32,7,101,4,2.2,2,0,0,0,1,0,0
38,13,114,1,1,3,0,0,0,1,1,0
51,26,133,1,0.6,1,328,0,0,0,0,0
25,0,71,4,0.2,1,78,1,0,0,0,0
38,14,82,4,2.67,1,0,0,0,0,0,0
32,7,100,3,0.6,2,0,0,0,1,0,0
48,23,35,2,1.3,1,0,0,0,0,0,0
26,0,54,3,1.1,2,0,0,0,1,0,0
57,31,40,2,0.3,1,0,1,1,1,1,0
43,18,42,1,0.3,3,0,0,0,1,0,0
25,1,70,4,2.6,1,218,0,0,1,0,0
28,3,11,4,0.5,3,0,0,0,0,0,0
32,8,128,2,4.33,1,0,0,1,1,1,0
62,38,124,1,3.8,1,405,0,0,1,0,0
29,5,85,3,2.5,1,0,0,0,1,1,0
32,6,44,1,0.3,1,81,0,0,1,1,0
30,5,74,4,2.2,1,0,1,0,0,1,0
63,37,191,2,4.3,3,205,0,0,0,0,1
46,20,84,3,0.7,2,0,0,0,1,0,0
27,1,83,4,2.1,3,0,0,0,1,1,0
31,6,44,4,0.8,1,0,0,0,0,0,0
55,30,42,2,2,2,196,0,0,0,1,0
54,29,60,4,3.8,2,0,0,0,1,1,0
57,31,53,1,0.8,2,120,0,0,0,0,0
49,25,161,3,6.5,2,485,1,1,0,0,1
34,10,41,1,2.4,2,0,0,0,0,0,0
45,19,41,1,0.2,1,0,0,0,1,0,0
34,9,101,3,0.6,2,0,0,0,0,0,0
35,9,21,2,1.4,3,125,0,0,1,0,0
38,14,33,1,2,2,0,0,0,1,0,0
64,34,53,4,1.67,3,0,0,0,0,1,0
59,35,74,4,2.3,3,0,0,0,0,0,0
43,18,94,4,1.1,2,0,0,0,0,0,0
55,31,159,1,3.9,3,0,0,0,0,0,1
53,28,41,2,0.6,3,193,0,0,0,0,0
60,35,49,3,0.5,2,0,0,0,1,1,0
33,9,61,3,2.6,2,0,0,0,1,0,0
30,5,122,2,3.1,1,0,0,0,0,0,0
50,23,19,1,0.5,2,104,0,0,0,1,0
37,12,169,2,5.2,3,249,0,0,1,0,1
47,21,120,1,0,1,135,0,0,0,0,0
60,35,22,1,1.3,1,123,0,0,1,0,0
42,16,74,1,2.8,1,0,0,0,1,0,0
56,32,88,2,0.3,1,0,0,0,1,0,0
35,11,180,1,3.6,3,571,0,1,1,1,1
47,20,49,3,2.5,2,0,0,0,1,0,0
29,5,84,3,0.8,1,0,0,0,0,0,0
45,18,50,3,2.5,2,0,0,0,1,0,0
54,29,21,4,0.1,3,0,0,0,0,0,0
32,7,132,4,1.1,2,412,0,0,1,0,1
37,12,62,3,0.7,2,0,0,0,0,1,0
28,4,159,1,1.5,1,0,0,0,1,1,0
57,32,39,4,0.9,1,0,0,0,1,1,0
55,30,58,4,0.9,1,0,0,0,1,1,0
58,34,63,4,1.6,2,0,0,0,0,0,0
28,4,43,1,1,3,102,0,0,0,0,0
30,4,49,3,1.1,2,0,0,0,0,1,0
36,11,14,4,0.2,3,100,0,0,1,1,0
49,23,58,4,2.6,1,188,0,0,0,0,0
66,41,105,1,0.8,3,0,1,1,1,1,0
65,41,83,3,2,3,0,0,0,1,0,0
57,31,131,2,2.7,1,0,0,0,0,0,0
46,20,40,1,1.2,2,0,0,0,1,0,0
50,24,180,1,1.7,1,0,0,0,1,1,0
60,35,122,1,1.3,1,0,0,0,0,0,0
44,19,34,4,0,2,0,0,0,0,0,0
62,38,44,1,1.9,2,0,0,0,0,1,0
45,21,183,2,1.4,1,0,0,0,1,1,0
34,9,31,4,1.1,3,85,1,1,1,1,0
35,10,143,1,8.6,1,0,0,0,1,1,0
60,34,25,4,0.7,3,0,0,0,1,0,0
60,34,59,1,1.6,1,231,0,0,1,0,0
58,32,75,2,2.3,3,0,0,0,0,0,0
38,14,130,4,4.7,3,134,0,0,0,0,1
37,11,139,2,0.8,2,421,0,0,1,0,1
56,32,23,1,1.2,3,127,0,0,1,1,0
57,27,63,3,2,3,0,0,0,1,0,0
47,22,38,4,1.9,3,0,0,0,1,0,0
53,29,20,1,0.2,1,131,0,0,1,1,0
61,31,154,3,7.5,3,351,0,1,1,1,1
46,22,135,3,4.1,1,213,0,0,1,0,1
46,21,41,1,1.4,3,128,0,0,1,0,0
31,7,192,1,0,2,0,0,0,1,0,1
62,37,24,1,0.3,3,0,1,0,1,0,0
44,20,151,1,3.5,1,392,0,0,1,0,0
54,24,25,4,0.4,3,0,0,0,0,1,0
30,6,181,3,4.1,2,0,0,1,1,1,1
35,8,48,2,1.67,2,0,0,0,1,0,0
56,30,29,4,1.5,3,146,0,0,0,0,0
51,27,71,1,2.6,2,0,0,0,0,1,0
47,21,65,1,1.5,2,0,1,0,1,0,0
62,36,103,2,2.8,1,0,1,1,1,0,0
36,10,74,1,2.5,1,0,0,0,0,1,0
61,35,50,3,1.4,3,112,0,0,1,0,0
31,5,42,2,2,3,0,0,0,1,0,0
29,3,153,2,2,1,392,0,0,0,0,0
62,37,41,3,0.9,3,0,0,0,1,1,0
61,37,131,1,2.9,1,0,0,0,1,0,0
65,41,158,2,2.1,1,0,0,0,0,0,0
63,33,34,1,1.5,3,0,0,0,1,1,0
30,4,110,1,2.9,3,0,0,0,1,0,0
38,13,15,2,0.1,2,90,0,0,1,0,0
41,11,35,1,0.75,3,114,0,0,1,0,0
41,17,92,2,1.9,1,131,0,0,1,0,0
26,2,51,4,2.6,1,0,0,0,1,0,0
51,25,69,1,0.3,1,0,0,0,1,1,0
60,34,41,3,2.2,3,0,0,0,0,1,0
30,6,95,1,3.9,3,146,0,0,0,1,1
35,10,94,1,0,1,174,0,0,1,0,0
48,23,43,2,1.3,1,0,0,0,1,0,0
58,32,191,4,5.2,3,194,0,0,0,1,1
25,1,74,4,2.6,1,204,0,0,0,0,0
58,34,60,4,1.6,2,0,0,0,0,1,0
57,33,25,2,1,1,0,0,0,1,0,0
31,5,101,1,2.9,3,170,1,0,0,0,0
32,6,73,4,2.2,2,0,0,0,0,0,0
44,20,69,1,0.8,3,0,0,0,1,1,0
54,29,62,4,0.7,1,0,0,0,0,1,0
42,18,115,1,3.5,1,0,0,0,0,1,0
30,6,154,1,6,1,0,0,0,0,0,0
46,19,59,3,2.67,2,0,0,0,0,0,0
39,13,50,3,0.5,3,0,0,0,0,0,0
28,4,32,3,1,2,0,0,0,0,0,0
48,22,83,2,2.4,2,0,0,0,1,0,0
51,27,45,1,1.6,2,82,0,0,1,0,0
29,-1,50,2,1.75,3,0,0,0,0,1,0
48,24,24,1,0.9,3,0,0,0,0,0,0
44,20,131,1,4.9,3,0,0,0,1,0,1
40,15,173,4,6.6,1,0,0,1,1,1,1
34,8,35,4,0.8,1,137,0,1,1,1,0
35,9,179,2,0,1,76,1,0,1,0,0
63,39,101,1,3.9,1,0,1,1,1,0,1
55,30,29,3,0.1,2,0,1,1,1,0,0
32,7,82,1,2.6,2,240,0,1,1,1,0
53,28,34,2,0.6,3,0,0,0,1,1,0
53,27,59,2,0.8,3,0,0,0,1,0,0
51,27,42,4,1.1,2,0,0,0,1,1,0
55,30,40,2,2.3,3,0,1,0,1,0,0
60,36,132,2,6,1,470,0,0,1,1,0
59,35,39,4,1.3,1,0,0,0,1,0,0
60,35,64,2,2.8,1,0,0,0,0,0,0
50,24,31,1,0.3,3,0,0,0,0,0,0
57,33,170,2,2.1,2,0,0,0,0,0,1
50,26,42,4,1.1,2,151,0,0,1,0,0
33,7,49,4,2.2,2,0,0,0,1,0,0
60,35,122,1,2.6,1,352,0,0,0,0,0
34,10,81,4,3.4,1,0,0,0,1,0,0
52,26,121,1,7.3,1,167,0,0,1,0,0
60,35,48,3,1.5,1,0,0,0,1,0,0
48,23,41,1,1.4,3,0,0,0,0,1,0
50,25,82,1,1.3,3,0,0,0,1,0,0
28,4,58,3,1.5,1,131,0,0,0,0,0
33,6,78,4,2,2,0,1,0,1,0,0
53,27,81,3,1.7,2,0,0,0,0,0,0
28,2,70,3,0.3,3,0,0,0,0,1,0
59,33,68,2,2.3,3,0,1,0,0,0,0
46,19,84,1,2.67,2,0,0,0,1,1,0
28,2,11,1,0.1,2,0,0,0,1,1,0
59,33,35,1,0.2,1,171,0,0,0,0,0
27,3,110,2,0.2,1,294,1,0,0,1,0
63,37,31,1,0.5,3,0,0,0,1,0,0
63,37,39,2,0.7,3,0,0,0,1,1,0
34,10,35,1,1.7,1,0,0,0,1,0,0
51,25,33,3,0.9,3,0,0,0,1,1,0
35,9,23,4,0.3,1,0,0,0,0,0,0
31,7,173,1,6,1,0,0,0,1,0,0
44,20,52,1,0.8,3,196,0,0,0,1,0
29,5,18,1,0.4,3,94,0,0,1,1,0
38,13,119,1,3.3,2,0,0,1,1,1,1
45,20,55,1,0.3,1,0,0,0,1,1,0
32,8,30,4,0.4,2,78,0,0,1,0,0
29,2,33,1,2,2,160,0,0,0,0,0
52,27,33,2,2,2,0,0,0,1,0,0
30,4,44,1,1.9,3,143,0,0,0,0,0
42,16,173,2,1.5,2,373,0,1,1,1,1
42,16,28,4,1.5,3,91,0,0,1,1,0
62,38,30,3,0.1,3,128,0,0,1,0,0
56,30,195,1,2.9,1,0,0,0,0,0,0
35,10,72,3,2.3,1,285,0,0,0,0,0
45,19,73,4,2.9,1,0,0,0,0,0,0
48,24,14,4,1,1,0,0,0,1,0,0
36,12,62,4,0.1,2,145,0,0,0,0,0
45,19,70,1,2.8,1,0,0,0,0,1,0
59,34,80,3,0.5,1,0,0,0,1,1,0
26,2,104,3,2.5,1,0,0,0,0,0,0
31,7,108,1,4,1,0,0,0,1,0,0
50,25,192,2,2.8,1,238,0,0,0,1,0
57,32,44,2,1.9,2,157,0,0,0,0,0
29,0,134,4,6.5,3,0,0,0,0,0,1
49,25,65,1,0,1,0,0,0,1,0,0
38,12,59,2,2.4,2,0,0,0,0,0,0
29,3,103,4,3.4,1,0,0,0,1,0,1
39,15,91,2,1.7,2,151,0,0,0,0,0
40,14,58,2,2.8,1,0,0,0,1,0,0
31,5,39,4,1.8,3,185,0,0,0,1,0
63,38,28,2,0.5,2,89,0,0,1,0,0
38,14,48,1,1.8,1,169,0,0,0,0,0
32,8,32,2,1,2,103,0,1,1,1,0
25,1,54,4,1.6,1,0,0,0,1,1,0
49,25,91,4,1.4,2,0,0,0,1,0,0
51,25,45,4,0.1,1,0,0,0,1,1,0
35,11,40,1,2.4,2,0,1,0,1,0,0
40,14,179,1,2.6,3,0,0,0,1,0,1
49,24,138,2,2.2,2,0,0,0,1,0,1
54,24,25,4,0.4,3,115,0,0,0,0,0
40,16,42,4,2.2,2,126,0,0,0,0,0
45,20,194,2,8.8,1,428,0,0,0,0,0
44,20,130,1,5,1,0,0,0,0,1,0
44,20,62,2,2.5,1,0,1,0,1,0,0
38,13,84,3,1.2,3,121,0,0,1,1,0
61,35,154,2,6.9,1,0,0,0,0,0,0
54,30,78,4,1.6,2,0,0,0,1,1,0
46,20,82,2,1.7,2,0,0,0,1,1,0
24,-1,38,4,0.6,2,0,0,0,1,0,0
30,3,61,4,2,2,0,0,0,1,0,0
49,25,109,2,6.8,1,0,0,0,0,0,0
48,22,42,3,0.6,2,121,0,0,1,0,0
28,2,10,1,0.1,2,0,0,0,1,0,0
61,37,73,3,2,3,285,0,0,0,0,0
36,11,9,4,0.2,3,0,0,0,0,1,0
61,31,49,4,1.67,3,0,0,0,1,0,0
27,1,140,1,5.9,2,175,1,1,1,0,1
36,12,38,1,1.5,2,0,0,0,0,0,0
32,6,31,1,0.3,1,0,0,0,0,0,0
43,17,53,2,0.7,1,130,1,0,1,0,0
25,-1,81,2,1.6,3,0,0,0,1,1,0
44,20,199,2,6.67,1,0,0,0,1,0,0
51,27,112,3,1.8,2,0,1,1,1,1,0
66,41,18,3,0.5,1,0,0,0,0,1,0
54,30,78,4,1,2,0,0,0,1,0,0
54,28,140,1,2.9,1,0,0,0,1,0,0
32,6,25,3,1,1,0,0,0,1,0,0
54,28,53,1,2.2,3,0,0,0,1,1,0
30,5,134,1,0,1,0,0,0,1,1,0
37,11,14,3,0.1,2,113,0,0,1,0,0
63,39,49,1,0.8,1,103,0,0,1,0,0
39,15,65,1,1.5,3,0,0,0,0,0,0
46,21,39,4,0,2,0,0,0,1,0,0
60,36,79,1,1.8,3,0,0,0,0,1,0
55,29,81,4,4.9,1,209,0,0,1,0,0
52,26,35,4,1.8,1,0,0,0,1,0,0
61,36,169,2,6.1,3,106,0,1,1,1,1
35,10,79,4,2.1,3,0,1,0,1,0,0
42,18,22,1,1,1,0,0,0,0,0,0
26,1,48,3,2.6,3,169,0,0,0,0,0
58,32,130,2,2.7,1,0,0,0,1,0,0
52,26,182,2,1.4,2,0,0,0,1,0,1
38,14,54,2,0.6,3,218,0,0,0,0,0
62,36,75,2,1.7,3,0,0,0,0,0,0
37,13,115,1,0.8,2,0,0,0,1,1,0
33,6,78,4,2,2,0,0,0,0,0,0
38,14,80,2,2.7,1,0,0,0,1,0,0
59,35,161,1,2.9,1,160,0,0,0,1,0
31,5,34,1,1.9,3,156,0,0,1,0,0
30,4,60,4,2.2,2,0,0,0,1,0,0
27,3,84,3,1.5,1,0,0,0,1,1,0
41,17,85,4,0.2,3,229,0,0,0,0,0
26,1,190,4,1.3,2,197,0,0,1,0,1
57,31,52,4,2.5,1,0,0,0,0,1,0
56,30,31,2,0.3,1,109,1,1,1,1,0
63,39,160,2,2.1,1,0,0,0,0,1,0
49,25,30,4,0.9,2,0,0,0,0,1,0
46,20,54,1,0.7,3,154,0,0,1,1,0
64,39,35,1,1.5,2,0,1,0,0,0,0
35,10,83,4,0.7,3,315,0,0,1,0,0
27,3,123,1,5.4,1,0,0,0,0,0,0
28,3,85,1,0.8,2,0,0,0,1,1,0
47,21,49,3,2.2,2,0,1,0,0,0,0
53,29,118,2,0.3,1,0,0,0,1,0,0
48,24,134,1,5,1,0,0,0,0,1,0
58,34,90,1,3.6,2,0,0,0,0,0,1
61,36,85,3,1.8,2,0,0,0,0,0,0
43,18,103,3,1,1,180,0,0,1,1,0
62,36,84,2,2.8,1,0,0,0,1,0,0
33,8,178,3,8.5,1,0,1,1,1,0,1
53,28,181,1,8.1,1,0,0,0,1,0,0
65,39,35,1,0.5,3,0,0,0,0,0,0
51,27,52,2,1,3,0,0,0,0,0,0
51,27,44,3,1.9,2,141,0,0,0,0,0
35,5,203,1,10,3,0,0,0,0,0,1
55,25,65,4,2,3,0,0,0,1,0,0
33,7,30,2,2,3,132,0,0,0,0,0
60,35,32,1,0.3,3,80,0,0,1,0,0
26,2,132,2,2.4,3,0,0,0,0,1,1
54,29,183,1,8.1,1,0,0,0,1,1,0
62,37,18,1,1.5,2,127,0,0,0,0,0
52,28,62,1,1.8,3,231,0,0,1,0,0
34,8,75,2,1.8,1,0,0,0,0,0,0
36,12,35,4,0.4,2,0,0,0,1,0,0
33,8,58,4,1.3,1,0,1,0,0,0,0
35,10,73,3,2.3,1,0,0,0,1,0,0
62,37,44,1,1.1,3,0,0,0,0,0,0
58,33,61,4,1.7,1,0,0,0,0,0,0
33,9,73,4,3.4,1,140,0,0,1,0,0
44,18,68,4,2.9,1,0,1,0,0,1,0
64,38,32,2,0.3,1,0,0,0,1,1,0
50,26,190,3,2.1,3,240,0,0,1,0,1
45,21,84,4,2,3,0,0,0,1,1,0
33,7,39,2,2,3,0,0,0,0,0,0
47,23,130,2,1.4,1,0,0,0,0,0,0
26,2,55,3,0.7,2,0,0,0,1,0,0
58,32,180,1,2.9,1,0,0,0,0,1,0
28,4,70,4,2.6,1,0,0,0,1,0,0
63,33,178,4,9,3,0,0,0,0,0,1
35,8,30,4,1,2,0,1,0,0,0,0
37,13,105,1,0.8,2,0,0,0,0,1,0
34,8,81,3,0.9,2,208,0,0,1,0,0
54,28,74,2,1.1,1,0,0,0,1,0,0
37,11,19,3,0.2,2,0,0,0,1,0,0
45,19,60,2,0.4,3,250,0,0,1,0,0
49,24,70,1,2.9,1,0,0,0,0,0,0
41,16,65,3,0.5,3,0,0,0,1,0,0
28,3,173,2,6.7,1,222,0,0,1,0,0
48,22,35,1,1.4,3,0,0,0,1,0,0
40,16,75,3,2.33,1,79,0,0,0,0,0
25,-1,21,4,0.4,1,90,0,0,1,0,0
44,20,149,1,1.7,1,0,0,0,1,0,0
64,38,92,1,2,1,0,0,0,1,0,0
32,2,71,2,1.75,3,108,0,0,0,0,0
27,2,68,3,2.6,3,203,1,0,0,0,0
47,21,93,2,0.8,3,107,0,0,0,0,0
42,17,85,1,3.7,3,272,0,0,0,0,0
44,19,172,2,4.3,3,391,1,1,1,0,1
49,23,108,2,2.4,2,0,0,0,1,0,0
49,24,13,1,0.4,3,101,1,0,0,0,0
54,28,39,4,0.7,2,0,0,0,1,0,0
31,7,32,1,1.7,1,0,0,0,1,0,0
49,23,65,3,0.7,2,263,0,0,1,1,0
30,5,73,3,2.6,3,0,0,0,1,0,0
30,5,14,4,0.5,3,0,0,0,1,0,0
66,42,95,2,0,3,0,0,0,1,0,0
60,36,54,4,2.3,3,0,1,0,0,0,0
43,18,13,2,0.1,2,0,0,1,1,1,0
55,30,22,1,1.5,2,91,0,0,0,1,0
42,17,168,2,7.9,2,0,0,0,1,0,1
45,21,134,2,3.3,1,0,0,0,1,1,0
35,10,161,1,4.1,1,0,1,0,1,0,0
29,3,123,3,5.6,3,428,0,0,1,0,1
39,13,69,3,0.9,2,0,0,0,0,0,0
54,29,70,3,2,2,116,0,0,1,1,0
50,25,9,2,0,1,0,1,0,0,0,0
52,27,25,2,0,1,0,0,0,1,1,0
44,20,43,1,0.7,1,0,0,0,0,1,0
41,16,73,3,3,1,0,0,0,1,0,0
42,16,25,2,0.8,3,0,0,0,0,1,0
60,35,173,3,3.1,3,0,0,0,1,0,1
39,15,109,1,1.7,1,0,0,0,1,0,0
38,14,90,2,2.7,1,0,0,0,1,1,0
55,29,92,1,1.9,2,0,0,0,0,0,0
62,37,50,3,2.4,1,0,0,0,1,0,0
52,26,79,3,0.8,1,183,0,0,0,0,0
31,5,30,4,0.3,2,0,0,0,1,0,0
40,15,175,2,3.3,1,0,0,0,1,0,0
41,16,33,4,0,2,0,0,0,1,0,0
45,18,80,3,2.67,2,0,0,0,0,0,0
54,24,83,1,3,3,0,0,0,0,0,0
52,28,149,2,6.8,1,0,0,0,1,0,0
44,17,29,3,1,2,0,0,0,1,1,0
61,35,60,1,2.8,2,0,0,0,1,1,0
53,27,93,1,0.8,3,313,0,0,0,0,0
35,10,78,1,2.6,2,0,0,0,1,0,0
29,4,115,1,1.9,1,0,0,0,0,0,0
38,12,91,4,1.4,2,100,0,0,0,1,0
55,30,53,3,1.7,1,0,0,0,1,0,0
58,34,88,2,1.6,1,0,0,0,1,1,0
37,11,44,4,0.2,1,0,0,0,0,1,0
29,3,10,4,0.4,1,87,0,0,1,1,0
56,31,60,3,1.7,1,0,0,0,1,0,0
25,1,113,2,0.2,1,0,0,0,1,1,0
32,6,25,2,0.3,1,0,0,0,0,1,0
61,37,158,2,6,1,306,1,1,1,1,0
61,37,9,2,0.3,3,0,0,0,1,0,0
50,24,81,1,4.9,1,248,0,0,1,0,0
43,18,10,2,0.1,2,0,1,0,0,1,0
57,33,80,2,2.8,1,0,0,0,1,1,0
54,28,61,3,3,2,0,0,0,1,1,0
47,23,40,2,2.1,3,156,0,0,1,0,0
35,9,103,2,4.5,3,0,0,0,1,0,0
54,30,29,2,0.8,1,0,0,0,0,1,0
54,30,121,2,0.4,1,0,0,0,1,0,0
54,29,154,1,2.4,2,352,0,0,1,0,1
49,24,30,4,0.4,2,157,0,1,1,1,0
59,35,108,4,3.8,2,304,0,0,1,0,1
56,31,74,3,1.6,3,0,0,0,1,1,0
65,41,78,3,2,3,0,0,1,1,1,0
56,31,68,2,0,3,0,1,0,1,0,0
50,23,18,2,1,2,88,0,0,1,1,0
54,29,35,1,1.5,2,0,0,0,1,0,0
48,22,42,1,1.2,2,0,0,0,0,0,0
52,27,81,1,1.3,3,293,0,0,0,1,0
39,14,153,2,3,1,0,0,0,0,0,0
52,26,31,4,1.8,1,0,0,0,1,1,0
43,18,89,3,0.5,3,108,0,0,0,1,0
43,16,71,3,2.33,2,0,0,0,0,0,0
25,0,44,4,0.6,2,0,0,0,1,1,0
62,32,53,4,1.67,3,142,0,0,0,0,0
28,3,28,4,0.8,1,0,0,0,1,0,0
27,1,20,4,0.4,1,99,0,0,1,0,0
58,33,18,3,0.1,2,0,0,0,1,1,0
33,9,152,1,6,1,0,0,0,1,1,0
54,30,112,2,6.8,1,0,0,0,1,0,0
50,24,29,3,0.9,3,0,0,0,0,0,0
38,8,21,1,0.67,3,0,0,0,1,0,0
40,16,73,4,2.67,1,0,0,0,1,1,0
23,-3,149,2,7.2,1,0,0,0,1,0,0
37,13,78,4,0.1,2,0,0,0,1,0,0
64,34,50,4,1.67,3,0,0,0,1,0,0
26,1,24,2,0.9,3,123,0,0,0,1,0
50,24,95,1,0.3,1,262,0,0,1,0,0
58,32,108,3,4.4,1,0,0,0,1,0,0
33,8,58,2,2.5,1,0,0,0,1,0,0
44,18,33,3,1.5,1,0,0,0,1,1,0
40,16,12,1,1,1,91,1,0,0,0,0
48,22,145,1,0.3,1,140,0,0,1,0,0
40,16,154,2,6.1,1,325,0,0,1,0,0
36,11,103,1,4.6,1,255,0,0,1,0,0
59,34,33,3,0.2,1,0,1,0,0,0,0
49,24,82,1,2.9,1,267,0,0,1,0,0
33,3,74,4,4,3,0,0,0,0,0,0
29,5,160,1,4.3,1,385,0,0,1,0,0
56,32,173,1,4.6,2,88,0,1,1,0,1
28,3,52,4,2.2,1,230,0,0,1,0,0
35,5,81,4,4,3,0,0,0,1,0,0
58,33,18,3,0.1,2,110,0,0,1,0,0
46,22,70,4,1.9,1,212,0,0,0,1,0
31,5,79,4,2.2,2,0,0,0,0,0,0
65,40,29,1,1.5,2,0,0,0,0,0,0
33,3,20,1,0.67,3,0,0,0,0,0,0
35,10,61,4,2.1,3,0,0,0,1,0,0
36,10,21,3,0.1,2,0,0,0,0,0,0
27,1,78,4,2.3,3,157,1,0,1,0,0
64,40,15,2,0.3,3,115,0,0,1,1,0
46,22,18,1,0.9,3,0,0,0,1,0,0
42,18,39,3,2.1,3,0,0,0,0,0,0
34,10,34,1,1.5,2,111,0,0,0,1,0
52,27,34,2,0.7,2,114,0,0,1,1,0
50,24,45,3,0.6,2,117,0,0,1,0,0
24,-2,118,2,7.2,1,0,1,0,1,0,0
33,9,44,1,1.2,1,0,0,0,0,0,0
29,4,182,1,3.7,3,0,0,0,1,0,1
60,35,24,1,0.1,1,0,0,0,0,0,0
56,31,28,1,1.3,1,138,0,0,0,1,0
39,13,30,3,0.2,2,0,0,0,0,0,0
65,40,83,4,0.1,2,247,0,0,1,0,0
39,14,20,1,0.6,3,0,0,0,1,0,0
64,40,43,1,1.9,2,0,0,0,1,0,0
38,13,119,2,7.8,1,221,0,0,0,0,0
54,29,34,4,0.1,3,0,0,0,1,0,0
55,29,64,4,2.6,3,0,0,0,1,0,0
53,28,61,4,0.9,1,177,0,0,0,0,0
46,21,42,1,2.4,1,0,0,0,1,1,0
46,20,29,3,0.5,2,0,0,0,0,0,0
57,32,15,2,0.2,3,0,0,0,0,1,0
66,41,70,3,2.2,1,0,0,0,0,0,0
64,40,169,2,2.1,1,122,0,0,1,0,0
59,35,88,2,1.6,1,0,0,0,0,1,0
39,13,88,4,1.4,2,0,0,0,1,1,0
30,5,22,4,0.5,3,109,0,0,1,0,0
33,8,68,4,1.3,1,0,0,0,1,0,0
38,13,9,2,0.3,2,0,0,0,0,0,0
44,19,74,4,1.9,3,0,0,0,0,0,0
43,19,81,4,0.2,3,0,0,0,0,1,0
65,40,32,1,1.1,3,120,0,0,1,0,0
63,37,45,2,0.7,3,0,0,0,1,0,0
35,10,23,4,1.1,3,0,0,0,0,1,0
53,27,65,4,2.8,2,0,0,0,0,1,0
35,5,85,4,4,3,0,0,0,1,0,0
33,7,81,3,1.6,1,0,0,0,1,1,0
57,32,68,4,0.7,1,191,0,0,1,1,0
49,23,71,1,1.4,3,0,0,0,0,0,0
53,27,75,1,1.9,2,0,0,0,1,0,0
34,10,71,1,0.1,1,257,0,0,1,1,0
42,12,34,3,2,3,0,0,0,0,1,0
42,16,13,1,0.2,1,0,0,0,1,0,0
50,25,42,2,0.7,2,110,0,0,0,1,0
58,32,12,3,0.3,3,0,0,0,0,0,0
50,24,38,3,0.6,2,0,0,0,1,0,0
58,34,44,4,2.2,1,0,1,0,0,0,0
34,8,188,1,2.9,3,0,0,0,1,0,1
32,8,200,2,6.5,1,565,0,0,1,0,0
57,32,25,2,0.2,3,0,0,0,1,1,0
63,39,49,4,1.2,2,109,1,1,1,1,0
33,8,115,4,2.9,2,0,0,0,1,0,1
53,23,39,3,1,3,87,0,0,1,0,0
43,19,58,2,3.2,1,0,0,0,1,0,0
54,29,85,4,1.3,3,299,0,0,1,0,0
46,19,38,3,2.5,2,135,0,0,0,0,0
42,17,98,2,0.4,1,0,0,0,1,1,0
49,23,94,1,0.3,1,0,0,0,1,0,0
30,6,184,1,6,1,0,0,0,1,0,0
32,8,115,1,4,1,0,0,0,0,0,0
61,36,24,1,1.5,2,87,1,0,0,0,0
49,24,13,4,0.8,1,111,0,0,1,0,0
59,35,42,4,0.4,1,0,0,0,1,0,0
39,14,74,1,0.1,2,144,1,0,1,0,0
41,16,18,1,0.6,3,0,0,0,0,1,0
47,23,28,4,0.6,1,0,0,0,1,0,0
34,9,195,2,3,1,122,0,0,1,0,0
39,13,40,3,0.9,3,129,0,0,1,0,0
36,11,15,2,0.3,2,119,0,0,0,0,0
59,34,19,1,0.3,3,0,0,0,1,0,0
53,26,25,2,1,2,0,0,1,1,1,0
53,27,174,1,2.9,2,0,0,0,1,0,1
58,34,65,4,2.2,1,0,0,0,1,0,0
56,32,48,1,1.6,3,0,0,0,0,1,0
51,25,39,1,1.2,2,98,0,0,1,0,0
55,31,134,2,0.3,1,0,0,0,0,0,0
49,25,22,4,0.2,1,83,0,0,1,0,0
38,14,64,1,1.5,3,0,0,0,0,1,0
44,20,185,3,2.7,1,0,0,0,1,0,1
41,15,158,1,4.7,2,0,1,1,0,1,1
57,27,73,1,3,3,0,0,0,0,0,0
49,25,20,4,1,1,111,0,0,1,1,0
47,20,13,3,0.67,2,0,0,0,1,0,0
52,26,34,1,0.3,3,0,0,0,1,0,0
46,21,40,4,1.9,3,122,0,0,1,0,0
35,11,32,1,1.33,1,137,0,0,1,1,0
28,3,74,3,2.6,3,0,0,0,0,0,0
54,28,79,3,1.7,2,150,0,0,1,1,0
48,22,90,2,0.8,3,205,0,0,0,0,0
63,37,15,2,0.4,1,0,0,0,0,0,0
60,34,31,2,1,3,0,0,0,0,0,0
54,29,23,1,1.5,2,0,0,0,0,0,0
26,2,92,2,0.2,1,0,0,0,1,0,0
61,36,30,3,1.3,2,0,0,0,0,0,0
55,30,64,2,2.3,3,0,0,0,0,0,0
49,24,70,1,2.9,1,0,0,0,0,1,0
45,21,151,2,3.3,1,328,0,0,0,0,0
38,12,33,4,1.5,3,0,1,0,0,1,0
30,5,123,2,3.1,1,0,0,0,1,0,0
60,35,34,1,0.3,3,0,0,0,1,0,0
63,38,50,2,2.8,1,205,0,0,0,0,0
45,15,28,1,0.75,3,0,1,0,0,0,0
52,28,83,1,0,1,0,0,0,1,0,0
60,34,40,3,2.2,3,0,1,0,1,0,0
42,17,139,2,2.9,3,0,0,0,1,0,1
62,38,80,4,1.7,2,0,0,0,0,0,0
32,6,18,2,0.3,2,0,0,0,1,0,0
59,33,49,4,1.7,2,104,0,0,1,0,0
61,35,60,1,2.8,2,0,0,0,1,0,0
38,13,65,3,0.7,2,0,0,0,1,0,0
31,5,85,2,1.3,1,119,0,0,1,1,0
24,-1,38,2,1.7,2,0,0,0,1,0,0
56,30,45,4,1.5,3,0,0,0,0,0,0
64,39,145,1,0.9,1,0,0,0,0,0,0
29,3,91,1,3.4,3,0,0,0,0,0,1
58,32,38,3,2.2,3,0,0,0,1,0,0
43,19,161,2,7.5,1,0,0,0,0,0,0
43,19,75,4,0.2,3,102,0,0,1,0,0
52,26,54,2,1.5,2,0,0,0,0,1,0
51,27,12,4,1,1,0,0,0,1,0,0
28,3,52,4,1.7,2,0,0,0,0,0,0
52,28,81,3,1.8,2,0,1,0,0,0,0
34,8,171,2,2.2,2,569,0,0,1,0,1
36,6,78,4,1.8,3,163,0,0,0,0,0
34,9,60,4,1.3,1,0,1,0,0,0,0
51,27,21,3,0.4,1,0,0,0,1,0,0
47,23,65,1,0,1,0,0,0,0,0,0
29,3,30,4,0.3,2,157,0,0,0,0,0
60,34,35,1,0.2,1,0,0,0,1,0,0
41,15,120,1,5.2,1,0,0,0,1,0,0
43,18,22,2,0,3,0,0,0,0,0,0
38,13,171,2,7.8,1,0,0,0,1,0,0
26,0,44,4,1.3,3,0,1,0,0,0,0
38,13,80,4,0.7,3,285,0,0,1,0,0
44,19,69,3,0.5,3,0,0,0,1,0,0
60,34,95,2,0.7,2,322,0,0,1,1,0
35,8,38,4,1,2,124,0,0,1,0,0
43,19,35,3,0.5,1,0,0,0,1,0,0
52,26,71,1,1.4,3,0,0,0,0,0,0
34,8,18,4,0.3,1,0,0,0,0,0,0
63,37,78,4,1.7,3,0,0,0,1,0,0
42,18,62,3,2.1,3,0,0,0,1,0,0
52,28,25,4,1,1,0,0,0,0,0,0
38,13,55,2,1.1,2,0,0,0,1,0,0
60,35,80,3,0.5,1,0,0,0,1,0,0
51,27,12,3,0.4,1,0,1,1,1,1,0
41,17,154,1,1.7,1,0,0,0,0,1,0
38,13,179,1,4.1,1,0,0,0,1,0,0
63,38,22,3,0.1,3,90,0,0,1,0,0
29,3,35,2,0.3,1,88,0,1,1,1,0
46,22,28,1,1,1,84,0,0,1,1,0
28,4,43,1,1.8,2,0,0,0,1,1,0
44,20,62,3,0.3,3,0,0,0,0,1,0
32,7,125,1,0,1,0,0,0,1,1,0
37,12,28,4,1.7,1,0,1,1,1,0,0
50,26,148,2,6.8,1,0,0,0,1,0,0
36,11,32,3,1.3,1,0,0,0,0,0,0
32,6,41,2,2,3,0,0,0,0,0,0
29,4,120,1,4.1,2,0,1,1,0,1,1
63,37,80,2,1.7,3,0,0,0,1,1,0
40,16,63,1,1.5,3,0,0,0,0,0,0
40,14,42,2,0.7,1,101,0,0,1,0,0
64,40,40,2,1.1,1,0,0,0,1,0,0
60,35,191,4,5.6,3,0,0,0,0,0,1
34,8,38,4,0.2,1,0,0,0,0,0,0
58,28,70,1,1.4,3,0,0,0,0,0,0
40,15,19,4,0.2,3,0,0,0,1,0,0
64,39,73,3,2.4,1,185,0,0,0,0,0
38,13,191,2,3,1,0,0,0,1,0,0
51,26,62,1,1.3,2,221,0,0,1,0,0
65,40,143,4,6.6,2,0,0,0,1,0,1
62,37,82,1,0.8,3,312,0,0,1,0,0
53,27,84,2,1.1,1,0,0,0,1,0,0
48,23,74,1,1.2,1,0,0,0,1,0,0
31,6,44,4,0.8,1,122,0,0,1,0,0
48,23,48,1,0.3,1,0,0,0,0,0,0
49,23,133,1,7.3,1,0,0,0,1,1,0
42,16,41,3,0.5,3,0,0,0,1,0,0
48,22,149,2,5.5,2,0,1,1,1,0,1
32,7,112,1,3.8,1,81,0,0,1,0,0
28,2,188,2,4.5,1,0,1,0,1,0,0
57,27,55,1,1.4,3,0,0,0,1,0,0
53,29,95,4,1,2,0,0,0,1,1,0
41,16,98,1,4,3,0,0,0,0,1,0
49,25,128,2,0.4,1,0,0,0,0,0,0
56,31,80,4,1.3,3,0,0,0,1,0,0
44,18,75,1,0.7,3,0,0,0,0,1,0
40,15,43,2,1.1,2,0,0,0,0,1,0
55,25,41,3,1,3,0,0,0,1,0,0
40,16,155,4,0.1,3,0,0,1,1,1,1
25,-2,35,4,1,3,0,0,0,1,0,0
56,26,74,1,3,3,0,0,0,0,0,0
30,5,80,4,2.2,2,0,1,0,1,0,0
44,20,122,1,0.3,1,0,1,0,1,0,0
55,30,82,4,3.8,2,0,0,0,1,0,0
45,19,34,3,1.5,1,0,1,0,0,0,0
56,32,122,2,0.3,1,360,0,1,1,1,0
44,20,68,1,0.8,3,91,0,0,0,0,0
35,10,118,2,7.8,1,358,0,0,0,0,0
60,35,55,3,0.5,2,172,0,0,0,0,0
35,11,41,1,2.4,2,0,0,0,0,0,0
57,32,69,4,0.7,1,245,0,0,0,0,0
30,5,20,4,0.5,3,117,0,0,0,0,0
33,8,65,2,0.1,1,89,0,0,1,0,0
61,36,60,3,0.5,2,182,0,0,0,0,0
41,15,159,1,5.5,3,0,0,1,1,0,1
47,23,163,1,5,1,0,0,0,0,0,0
41,17,28,1,0.7,1,0,0,0,0,1,0
39,14,40,1,2.5,3,0,0,0,1,0,0
58,32,99,2,1.4,1,0,0,0,0,1,0
40,15,8,2,0.1,2,0,0,0,0,0,0
46,20,82,3,0.7,2,0,0,0,1,1,0
46,20,12,4,0.6,3,0,0,0,0,1,0
28,4,191,1,6.33,1,0,0,0,1,0,0
25,1,72,3,0.8,1,0,0,0,1,0,0
42,18,71,3,2.33,1,106,1,0,1,0,0
63,39,41,4,1.3,2,0,0,0,1,0,0
62,37,155,1,1.3,1,0,0,0,0,0,0
61,36,61,2,2.8,1,0,0,0,0,0,0
51,26,98,1,1.3,3,0,0,0,1,1,0
35,10,139,2,7.8,1,0,0,0,0,0,0
41,16,15,2,0.3,2,83,0,0,0,0,0
57,31,43,1,0.2,1,0,0,0,0,0,0
58,34,150,1,7.4,1,481,0,0,1,0,0
45,20,84,4,1.1,2,180,0,0,1,0,0
33,8,122,1,0,1,0,0,0,1,1,0
46,20,49,3,2.2,2,0,0,0,0,0,0
62,38,132,1,2.9,1,0,0,0,0,0,0
30,4,39,3,1.1,2,0,0,0,1,0,0
48,23,15,4,0.8,1,0,0,0,1,0,0
41,15,58,3,0.5,3,0,0,0,1,0,0
65,39,25,2,0.4,1,113,0,0,1,0,0
26,2,195,1,6.33,1,0,0,0,0,0,0
38,12,48,4,0.2,3,0,0,0,1,0,0
54,29,32,2,0.6,3,0,0,0,1,1,0
44,20,20,1,1.4,3,0,0,0,0,0,0
38,12,29,2,1.4,3,0,0,0,1,0,0
42,18,145,2,8,1,505,0,0,0,0,0
27,3,40,3,0.1,2,111,0,0,1,0,0
60,34,52,4,1.7,2,0,1,0,1,0,0
46,21,68,1,0.2,2,0,0,0,1,0,0
29,2,31,4,1.5,2,0,0,0,0,0,0
47,21,123,1,7.3,1,0,0,0,0,0,0
54,24,49,1,1.4,3,0,0,0,1,0,0
57,32,42,2,2.1,3,0,0,0,1,0,0
55,29,78,4,2.6,3,0,0,0,0,1,0
59,35,43,4,0.4,1,0,0,0,0,1,0
38,14,95,2,1.9,1,0,0,0,1,1,0
29,3,39,4,2.1,3,0,0,0,1,0,0
35,10,200,2,3,1,458,0,0,0,0,0
56,30,61,3,2.5,1,193,0,0,1,0,0
63,37,90,4,1.9,2,106,1,0,1,0,0
37,12,182,3,5.8,3,0,0,0,1,0,1
61,36,59,4,1.7,1,148,0,0,0,0,0
57,32,31,3,0.1,2,0,0,0,1,0,0
31,7,13,1,0.5,3,0,0,0,1,0,0
54,29,79,3,1.6,3,0,0,0,0,0,0
27,1,58,4,1.8,2,154,0,1,1,1,0
47,22,11,2,0,1,78,0,0,0,0,0
37,11,64,3,0.9,2,0,0,0,1,0,0
34,9,123,1,1.6,2,0,0,0,1,0,1
57,31,61,1,2.2,3,0,0,0,0,0,0
43,19,70,3,2.33,1,0,1,0,0,0,0
48,24,18,4,0.2,1,0,0,0,1,1,0
43,19,83,4,3.6,3,0,0,0,0,1,1
62,38,33,3,0.1,3,0,0,0,1,0,0
38,13,143,1,4.1,1,0,0,0,0,0,0
53,27,110,1,4.9,1,0,0,0,1,0,0
47,22,15,2,0.7,3,0,0,0,0,0,0
44,19,85,2,3.8,3,0,0,0,1,0,0
50,24,35,1,0.3,3,0,0,0,1,0,0
30,5,23,2,0.9,3,0,1,0,1,0,0
46,20,104,1,5.7,1,0,0,0,1,1,0
33,8,45,2,0.1,1,0,0,0,0,1,0
54,28,60,4,2.6,3,0,0,0,0,0,0
43,19,45,3,0.6,2,0,0,0,0,0,0
42,15,21,3,1,2,0,0,0,1,0,0
33,7,48,4,2.2,2,0,0,0,1,0,0
53,29,93,1,2.7,2,256,0,0,1,0,0
59,35,168,4,4.1,2,0,0,0,1,0,1
57,33,79,1,2.7,2,294,0,0,1,1,0
37,13,84,1,3.6,2,0,1,0,0,0,0
60,35,29,3,0.2,1,79,0,0,1,1,0
23,-2,45,4,0.6,2,0,0,0,1,1,0
25,0,88,2,1.8,2,319,0,0,1,1,0
62,37,48,3,2.2,1,0,0,0,0,0,0
39,13,43,3,0.5,3,0,0,0,1,0,0
43,18,44,1,2.4,1,0,0,0,0,0,0
63,37,113,4,1.7,3,0,0,0,1,1,0
57,27,63,4,2,3,0,0,0,1,0,0
62,37,58,4,1.7,1,0,0,0,1,0,0
51,25,30,3,0.6,2,144,0,0,0,1,0
34,9,92,1,2.8,1,0,0,0,1,0,0
53,29,83,4,1,2,0,0,0,1,0,0
65,39,141,2,6.9,1,0,1,0,1,0,0
53,26,12,2,1,2,0,0,0,0,1,0
48,22,150,1,7.3,1,193,0,0,0,0,0
46,22,83,4,1.4,2,0,0,0,1,1,0
43,17,64,4,3,3,221,0,0,1,0,1
43,18,74,4,0.4,1,0,0,0,0,0,0
62,37,125,1,1,3,0,0,0,1,0,1
30,4,113,2,0.2,1,0,0,0,1,0,0
59,34,23,1,0.1,1,0,0,0,0,1,0
63,39,53,1,0.8,1,0,0,0,0,0,0
41,16,64,3,0.5,3,0,0,0,0,0,0
63,39,41,2,1.1,1,0,0,0,0,0,0
42,17,82,1,3.7,3,0,0,0,1,0,0
46,20,9,1,0.2,1,0,0,0,1,0,0
58,34,12,1,0.1,2,0,0,0,0,1,0
30,4,39,1,1.5,1,0,0,0,1,0,0
62,36,21,3,0.3,3,0,0,0,0,0,0
45,19,8,2,0.1,3,0,0,0,0,1,0
30,5,40,4,2,2,0,0,0,1,0,0
59,35,94,1,3.8,1,272,0,0,0,0,0
37,12,40,2,1.1,2,0,1,0,0,1,0
27,1,41,1,1.9,3,0,0,0,0,1,0
49,25,30,4,0.2,1,0,0,1,1,1,0
63,38,140,1,2.5,1,0,0,0,0,0,0
30,4,85,4,2.1,3,0,0,0,1,0,0
43,17,98,3,1.1,1,0,0,0,0,0,0
37,11,190,4,7.3,2,565,0,1,1,0,1
48,22,133,2,3.1,2,0,0,0,1,0,1
45,19,40,1,0.2,1,0,1,1,1,1,0
55,30,35,1,1.5,2,118,0,0,0,1,0
47,22,81,1,2.9,1,0,0,0,0,1,0
63,37,44,2,1,3,0,0,0,1,0,0
39,14,101,2,0.4,1,0,0,0,1,1,0
26,1,88,2,1.8,2,0,0,0,0,0,0
35,9,109,3,4,1,0,0,0,0,0,1
60,36,30,4,1.3,1,118,0,0,1,1,0
52,28,23,3,0.4,1,0,0,0,1,0,0
30,5,69,1,0.8,2,0,1,0,1,0,0
38,12,58,3,0.9,3,128,0,0,0,1,0
25,-1,139,2,2,1,0,0,0,0,1,0
35,9,24,4,0.3,1,0,0,0,1,0,0
30,3,33,4,1.5,2,85,0,0,0,0,0
27,3,148,1,1.5,1,397,0,0,1,1,0
46,20,103,4,4.8,3,0,0,0,1,0,1
32,8,14,3,0.9,3,111,0,0,0,0,0
45,19,91,2,1.7,2,0,1,0,1,0,0
43,18,84,1,4,3,0,0,0,0,0,0
35,9,55,1,2,1,0,0,0,1,0,0
47,22,81,4,3.6,3,0,0,0,1,1,0
53,27,115,2,0.5,3,0,0,0,0,0,1
56,29,51,3,1,2,0,0,0,1,0,0
49,24,80,1,1.2,1,0,0,0,1,0,0
56,32,8,2,0.3,1,0,0,0,1,1,0
42,17,14,2,0.1,2,0,0,0,1,0,0
60,36,145,4,6.9,1,380,0,0,0,1,1
61,36,23,2,0.5,2,103,0,0,1,0,0
56,32,190,3,2.2,1,0,0,1,1,0,1
30,5,41,4,1.7,2,0,0,0,1,0,0
40,16,83,4,0.2,3,0,0,0,0,0,0
46,20,158,3,5.4,1,432,0,0,0,1,1
54,29,68,3,1.6,3,0,0,0,1,1,0
32,7,49,3,2.3,1,0,0,0,1,0,0
50,26,179,1,2.9,3,0,0,0,0,1,1
44,17,69,3,2.67,2,0,0,0,0,0,0
37,12,55,1,2.5,3,0,0,0,1,0,0
51,27,58,1,0,1,0,0,0,0,1,0
28,3,149,1,0.8,1,0,0,0,1,0,0
49,23,25,1,1.4,3,0,0,0,1,0,0
32,6,112,4,1.8,2,0,0,0,1,0,0
54,28,170,2,6.2,2,325,0,0,1,0,1
43,19,35,1,0.3,3,120,1,0,1,0,0
44,20,70,4,1.9,1,0,0,0,1,0,0
55,29,64,3,0.8,1,119,0,0,0,1,0
43,19,128,1,4.7,1,0,0,0,1,0,0
34,9,75,1,2.8,1,194,0,0,0,0,0
51,27,10,2,0.2,1,86,0,0,0,0,0
65,40,95,3,3.7,2,138,0,0,0,1,1
54,30,51,2,3.2,3,0,0,0,0,0,0
34,10,51,3,2,1,130,0,0,0,0,0
45,21,61,3,0.7,1,0,0,0,0,0,0
30,6,48,1,2.1,3,0,0,0,0,0,0
44,19,34,1,0.3,3,78,0,0,1,0,0
30,3,79,4,2,2,0,0,0,1,0,0
45,20,144,4,5.4,1,210,0,0,1,0,1
45,18,48,3,2.5,2,113,0,0,1,1,0
55,25,70,3,1.4,3,0,0,0,1,0,0
63,38,9,4,0.6,2,100,0,0,1,1,0
64,39,22,4,0.6,2,0,0,0,0,0,0
26,1,39,4,0.6,2,0,0,0,0,1,0
34,9,164,1,6,3,0,0,0,1,0,1
33,7,21,1,0.6,3,0,1,0,0,0,0
58,33,25,4,0.9,2,90,0,0,1,1,0
56,31,65,2,3.7,1,0,0,0,1,0,0
65,39,18,2,0.4,1,0,1,1,1,1,0
30,4,38,1,1.9,3,0,0,0,1,0,0
60,34,15,1,0.8,2,0,0,0,1,0,0
35,11,42,1,1.5,3,0,0,0,1,0,0
57,33,43,1,1.8,3,0,0,0,0,0,0
49,23,23,4,0.6,3,98,1,0,0,0,0
66,41,80,4,0.1,2,0,0,0,1,0,0
46,22,113,2,3.3,1,0,0,0,0,1,0
62,37,10,3,0.5,1,0,0,0,1,0,0
35,9,131,3,0.3,3,0,0,1,1,1,1
29,5,124,2,0.2,1,0,0,0,0,1,0
60,34,102,2,2,1,0,0,0,1,1,0
63,38,138,1,2.5,1,0,0,0,1,0,0
55,30,44,2,2,2,0,0,0,1,0,0
41,14,9,3,1,2,0,0,0,0,0,0
24,0,119,1,1.5,1,0,0,0,1,0,0
65,40,115,1,2.5,1,174,0,0,0,1,0
33,7,188,2,7,2,581,0,0,0,0,1
57,32,19,4,0.9,2,0,0,0,1,0,0
48,23,22,1,0.1,1,0,0,0,0,0,0
63,37,61,1,2.5,3,0,0,0,0,0,0
39,13,41,2,0.3,1,108,0,0,1,1,0
61,36,35,3,1.3,2,0,0,0,0,1,0
51,26,15,2,0,1,114,0,0,1,0,0
58,28,95,1,3,3,0,0,0,0,0,0
45,20,85,4,1.1,2,0,1,0,1,0,0
45,21,33,3,0.5,1,108,0,0,1,0,0
35,9,43,4,1.2,2,0,1,0,1,0,0
29,3,73,3,0.3,3,0,0,0,0,0,0
36,9,31,4,1,2,0,1,0,1,0,0
38,12,59,3,0.5,3,0,1,1,1,1,0
38,12,52,1,2,1,0,0,0,0,0,0
59,33,111,3,4.4,1,0,0,0,1,0,0
55,31,34,3,1.5,1,101,0,0,1,0,0
65,39,10,1,0.8,2,0,0,0,1,0,0
63,39,101,2,3.9,3,294,0,0,1,0,1
63,38,159,4,4.9,2,111,0,0,0,0,1
50,26,42,2,1,3,78,1,0,1,0,0
35,11,72,3,2.6,2,0,0,0,1,0,0
65,41,105,1,3,2,282,1,1,1,0,1
48,24,81,3,0.7,1,0,0,0,0,0,0
40,16,34,1,0.7,1,0,0,0,1,1,0
42,18,51,3,2.1,3,0,0,0,0,0,0
51,26,191,1,8.1,1,0,1,0,1,0,0
44,20,160,2,7.6,1,0,1,0,0,0,0
49,23,64,4,2.6,1,0,0,0,1,1,0
40,15,171,2,3.3,1,0,0,0,1,0,0
62,38,174,1,4.7,1,0,0,0,1,1,0
46,20,73,2,0.8,3,264,0,1,1,1,0
53,29,53,4,0.1,3,0,0,0,0,0,0
43,17,91,1,5.2,1,0,1,0,0,0,0
30,6,69,4,3.4,1,188,0,0,0,1,0
39,15,128,1,3.4,1,0,0,0,0,0,0
49,24,48,1,1.3,2,0,0,0,0,1,0
30,5,118,4,3,3,0,0,0,1,0,1
40,15,90,4,1.1,2,0,1,0,1,0,0
41,15,54,3,2.1,1,0,0,0,1,0,0
28,2,19,4,0.4,1,0,0,0,1,1,0
30,6,42,1,2.1,3,0,0,0,1,0,0
29,3,108,4,1.8,2,0,0,0,0,0,0
31,5,20,2,0.3,1,0,0,0,0,0,0
39,13,139,3,3.4,1,483,0,0,1,0,1
53,28,18,4,0.8,1,0,0,0,0,0,0
52,26,191,1,1.7,1,0,0,0,1,0,0
42,15,24,3,1,2,0,0,0,1,1,0
41,16,75,1,3.7,3,280,0,0,0,0,0
47,21,85,2,1.7,2,0,0,0,0,1,0
64,40,52,2,1.1,1,226,0,0,0,0,0
59,33,68,2,2.3,3,128,1,0,1,0,0
43,19,75,3,0.3,3,0,0,0,0,0,0
35,11,101,3,3.8,3,150,0,0,1,0,1
27,1,43,1,1.5,1,0,0,0,1,0,0
52,26,155,3,7.2,2,0,0,0,1,0,1
53,27,81,3,1.7,2,193,0,0,1,0,0
46,20,111,1,0,1,329,0,0,0,0,0
44,19,154,2,8.8,1,0,0,0,1,0,0
39,15,119,2,6.1,1,0,0,0,0,0,0
57,33,163,1,7.4,1,0,0,0,1,0,0
30,4,102,4,2.1,3,139,0,0,0,1,0
60,30,22,1,1.5,3,0,0,0,1,1,0
45,18,53,3,2.5,2,112,0,0,0,0,0
32,7,134,2,3.3,1,0,0,0,1,0,0
45,20,155,1,7,1,0,0,0,1,1,0
31,5,18,4,0.3,2,0,0,0,0,1,0
57,27,39,3,1,3,0,1,0,0,1,0
35,11,9,4,0.7,2,0,0,0,1,0,0
43,18,89,3,0.5,3,0,0,0,1,1,0
37,13,59,1,1.5,3,0,0,0,0,1,0
39,15,89,2,1.9,1,0,0,0,0,0,0
35,9,113,3,0.8,3,0,0,0,1,0,1
28,2,121,2,2,1,341,0,0,1,0,0
51,26,59,1,1.2,1,139,0,0,1,0,0
30,4,81,2,0.2,1,0,0,0,1,0,0
50,26,192,2,1.8,3,301,0,1,1,1,1
50,24,155,1,7.3,1,0,0,0,1,1,0
57,33,24,1,0.1,2,0,0,0,0,0,0
38,12,60,2,1.8,1,0,0,0,1,0,0
52,26,93,1,2.4,1,0,0,0,1,0,0
30,3,32,1,2,2,0,0,0,1,1,0
42,17,78,1,1,3,0,0,0,1,0,0
35,9,50,4,2.2,2,0,0,0,0,0,0
46,21,30,4,1.9,3,0,0,0,1,0,0
55,30,84,2,3.7,1,304,1,0,1,0,0
62,36,63,1,2.5,3,0,0,0,1,1,0
51,27,53,1,1.8,3,0,0,0,0,1,0
29,3,41,1,1.9,3,0,0,0,1,1,0
36,11,152,2,3.9,1,159,0,0,0,1,0
39,14,113,1,1,3,0,1,0,1,0,0
46,20,99,3,1.1,1,0,0,0,0,0,0
58,32,48,1,2.8,2,0,0,0,1,0,0
57,32,43,2,2.1,3,166,0,0,1,0,0
31,5,78,2,0.2,1,0,0,0,0,1,0
37,7,94,4,1.8,3,232,0,0,1,0,0
39,15,62,4,2.4,1,86,0,0,0,0,0
60,34,64,3,2.5,1,0,0,0,1,0,0
42,18,83,4,2,3,0,0,0,1,0,0
26,1,53,2,1.6,3,0,0,0,1,0,0
28,4,114,2,0.2,1,0,0,0,1,0,0
43,16,78,3,2.67,2,161,0,0,1,1,0
40,16,50,2,0.6,3,0,0,0,0,0,0
40,14,62,2,2.4,2,0,0,0,1,1,0
44,20,43,1,0.3,3,0,1,0,0,1,0
54,29,81,1,0.1,3,0,0,0,0,0,0
34,10,34,1,1.7,1,164,0,0,0,0,0
55,29,29,4,1.5,3,79,0,0,1,0,0
54,29,29,1,1.5,2,97,0,0,1,0,0
55,29,72,3,0.3,2,147,0,0,0,0,0
61,36,153,1,2.6,2,0,1,1,0,1,1
57,27,90,2,4.5,3,0,0,0,1,0,0
58,33,61,2,2.3,3,193,0,0,1,0,0
43,19,152,3,6.1,2,0,0,0,0,0,1
43,19,32,4,0.3,1,0,0,0,0,0,0
23,-1,61,4,2.6,1,239,0,0,1,0,0
63,39,92,2,0,3,0,0,0,1,0,0
26,0,132,3,6.5,3,0,0,0,0,1,1
27,2,45,2,1.7,2,0,0,0,0,1,0
29,3,41,4,0.2,1,0,0,0,1,0,0
56,31,64,2,2.3,3,0,0,0,0,0,0
31,5,50,4,1.8,3,0,0,0,1,0,0
36,11,85,3,1.2,3,0,0,0,1,0,0
53,29,24,2,0.2,1,0,0,0,0,1,0
49,23,100,2,6.3,1,0,0,0,0,0,0
43,19,60,2,2.5,1,0,1,0,0,0,0
62,38,42,3,0.1,3,149,0,0,0,1,0
39,14,54,3,3,1,108,0,0,0,1,0
59,33,140,2,0.5,1,262,0,0,1,0,0
65,41,134,3,3.9,3,121,0,0,1,0,1
43,17,49,3,2.2,2,103,0,0,1,1,0
31,6,132,1,3.8,1,0,0,0,1,0,0
47,22,42,3,2.7,2,0,0,0,1,1,0
45,21,91,1,4.7,1,0,0,0,1,0,0
58,34,68,2,2.8,1,113,0,0,0,0,0
32,7,81,2,3.4,2,0,0,0,0,1,1
48,24,165,1,5,1,0,0,0,0,1,0
33,9,64,4,3.4,1,0,0,0,0,0,0
59,35,14,4,0.7,1,0,0,0,1,0,0
48,23,173,3,0.2,1,0,0,1,1,1,1
52,28,41,3,1.9,2,0,0,0,0,1,0
30,6,141,2,4.33,1,0,0,0,0,0,0
33,6,78,4,2,2,119,1,0,1,0,0
53,29,39,3,1.5,1,0,0,0,1,0,0
48,22,19,2,0.1,3,106,0,0,0,0,0
35,11,82,4,3.4,1,0,0,0,0,0,0
55,31,50,4,1.5,1,0,0,0,1,0,0
62,37,83,3,1.8,2,187,1,0,0,0,0
52,28,90,1,2.6,2,0,1,0,1,0,0
43,19,74,4,1.9,1,0,0,0,0,1,0
48,23,8,1,0.4,3,0,0,0,0,1,0
55,29,132,3,5.9,2,307,0,0,0,0,1
31,7,44,1,1.2,1,0,0,0,1,1,0
58,34,10,4,0.7,1,0,0,0,0,0,0
63,38,111,2,3.9,1,207,1,1,1,1,0
44,18,91,2,0.8,3,0,0,0,1,0,0
25,1,21,3,1,2,0,0,0,0,0,0
42,16,49,1,2.8,1,0,0,0,0,0,0
55,31,73,3,2.67,1,219,0,0,1,0,0
46,20,91,4,2.6,3,0,0,0,0,0,0
40,16,115,1,3.4,1,0,0,0,1,0,0
47,23,12,4,0.2,1,102,0,0,0,1,0
66,41,144,1,2.5,1,0,1,1,1,1,0
50,25,58,1,1.3,2,0,0,0,1,0,0
61,36,128,1,2.6,1,0,0,0,1,0,0
28,2,41,3,1.1,2,161,0,0,1,0,0
62,36,183,2,3.4,3,0,0,0,0,0,1
49,23,79,3,0.7,2,151,0,0,1,0,0
51,25,32,2,0.4,3,0,0,0,1,0,0
56,31,72,3,2,2,0,0,0,0,0,0
50,24,61,4,2.6,1,0,0,0,1,0,0
53,29,69,4,1,2,0,0,0,1,0,0
57,32,28,3,0.2,1,0,0,0,1,1,0
46,22,80,4,2,3,0,0,0,1,0,0
62,38,100,4,1.7,2,0,0,0,1,0,0
61,35,60,3,1.4,3,0,0,0,0,0,0
41,15,39,3,0.5,3,0,0,0,0,0,0
59,34,84,3,1.6,3,0,0,0,1,0,0
46,21,80,4,0.4,1,0,0,0,1,1,0
36,11,195,2,3,1,0,0,0,1,1,0
54,30,78,3,1.8,2,0,0,0,0,0,0
52,27,15,4,0.8,1,101,0,0,0,0,0
52,28,74,1,2.6,2,0,0,0,1,1,0
59,34,114,3,4.2,2,0,0,0,1,0,1
56,30,24,2,0.7,2,0,0,0,1,0,0
41,16,81,2,0.4,1,0,0,0,0,1,0
53,23,65,4,2,3,0,0,0,1,0,0
49,23,70,1,0.3,1,217,0,0,0,0,0
52,27,162,1,8.1,1,0,0,0,1,0,0
40,10,44,3,2,3,0,0,0,1,0,0
63,37,145,2,6.9,1,0,0,0,1,0,0
25,0,25,2,0.9,3,0,0,0,0,0,0
31,6,175,2,6.7,1,0,0,0,1,0,0
59,35,53,4,2.3,3,174,0,0,1,0,0
27,1,112,4,2.3,3,402,0,0,1,1,0
49,24,79,4,3.6,3,212,0,0,1,0,0
56,31,61,4,0.9,1,0,1,1,1,1,0
32,6,29,1,1.9,3,0,0,0,1,1,0
57,31,32,3,1.4,1,0,1,1,1,1,0
32,6,22,4,0.3,1,0,0,0,0,0,0
58,32,43,3,1.4,1,0,0,0,0,1,0
35,9,22,3,0.1,2,0,0,1,1,1,0
45,21,71,4,1.9,1,0,0,0,1,0,0
37,12,179,1,8.6,1,0,0,0,1,0,0
45,21,218,2,6.67,1,0,0,0,1,0,0
41,16,19,2,0.3,2,105,0,0,0,0,0
32,6,35,3,1,1,0,1,0,1,0,0
58,34,80,2,1.6,1,0,0,0,1,1,0
52,28,145,2,6.8,1,0,0,0,1,0,0
28,2,9,1,0.1,2,0,0,0,1,0,0
62,32,33,1,1.5,3,140,0,0,1,1,0
34,10,22,3,0.9,3,0,0,0,1,0,0
42,17,63,2,2.2,3,0,0,0,1,0,0
48,23,79,2,3.8,3,0,0,0,1,0,0
44,18,54,1,2.8,1,202,0,0,0,0,0
60,35,44,4,2.1,1,0,0,0,0,0,0
41,16,44,1,0.3,3,0,0,0,0,0,0
38,14,122,2,8,1,0,0,0,1,1,0
59,34,91,1,2.6,1,0,0,0,1,1,0
49,23,41,4,0.1,1,153,0,0,1,0,0
58,32,54,3,0.3,2,0,0,0,1,1,0
41,17,49,4,2.2,2,0,0,0,0,0,0
35,10,31,3,1.3,1,0,0,0,0,0,0
29,3,175,3,3.3,3,329,0,0,1,0,1
66,41,73,3,2.4,1,0,0,0,0,0,0
39,12,108,4,3.67,2,301,0,0,0,1,1
39,14,85,3,1.2,3,107,0,0,1,1,0
36,6,90,4,1.8,3,0,1,0,0,0,0
43,19,71,3,0.3,3,0,0,0,0,1,0
31,1,70,2,1.75,3,0,0,1,1,1,0
58,34,25,2,0.3,1,123,0,0,1,0,0
56,32,120,1,7.4,1,186,0,0,1,0,0
43,19,20,3,0.5,1,0,0,0,0,0,0
57,31,114,4,5.2,1,0,1,1,1,0,1
46,21,51,4,1.9,3,0,0,0,0,0,0
40,16,98,2,1.8,2,98,0,0,1,0,0
56,32,103,3,4,3,0,0,0,0,0,1
67,41,20,2,0.4,1,80,0,0,0,0,0
48,24,43,3,1.9,2,0,0,0,1,0,0
35,9,58,1,2.5,1,0,0,0,1,1,0
25,0,44,4,0.6,2,0,0,0,0,1,0
35,9,45,3,0.9,1,101,1,0,0,0,0
31,6,58,2,2.5,1,0,0,0,0,1,0
38,14,29,4,0.4,2,0,0,0,1,0,0
60,34,51,3,1.4,3,0,0,0,0,0,0
23,-1,149,1,6.33,1,305,0,0,0,1,0
51,27,23,1,0.2,1,0,0,0,1,0,0
65,39,20,3,0.7,2,0,0,0,0,1,0
63,39,40,4,1.2,2,0,0,0,1,0,0
63,39,79,4,1.7,2,0,0,0,1,1,0
41,17,48,3,0.3,3,0,0,0,1,1,0
61,36,29,2,0.5,2,0,0,0,1,0,0
64,39,59,2,1.5,1,139,0,0,1,0,0
42,17,23,2,0,3,0,0,0,0,0,0
58,34,151,3,0.6,2,0,0,0,0,0,1
54,29,48,2,2.1,3,142,0,0,1,0,0
28,2,33,3,1,1,167,0,0,1,0,0
56,32,31,4,1.3,1,0,0,0,0,0,0
60,34,62,1,0.8,2,0,0,0,0,0,0
55,30,64,2,1.9,2,0,0,0,0,0,0
28,3,54,4,0.6,2,0,0,0,1,0,0
55,31,15,1,0.2,1,0,0,0,0,0,0
61,37,20,2,0.3,3,0,0,0,1,0,0
34,9,48,1,2.5,3,105,0,0,1,0,0
43,17,91,1,5.7,1,0,0,0,1,0,0
50,25,81,1,1.2,1,0,0,0,0,0,0
36,12,25,4,1,1,147,0,0,0,0,0
38,13,91,1,2.8,1,0,0,0,1,1,0
37,11,194,2,0,1,0,0,0,0,0,0
54,30,61,1,1.8,3,0,0,0,1,0,0
41,17,119,2,6.1,1,263,1,0,1,0,0
59,35,70,4,2.3,3,0,0,0,0,0,0
31,6,81,2,2.5,1,313,0,0,0,0,0
24,-3,28,4,1,3,0,0,0,0,0,0
53,29,144,2,6.8,1,0,0,0,1,0,0
65,39,105,4,1.7,3,0,1,0,1,0,0
65,39,100,4,1.7,3,0,0,0,0,1,0
32,6,51,4,0.2,1,154,1,0,0,1,0
26,1,54,4,0.6,2,230,0,0,0,0,0
48,23,75,4,3.6,3,0,0,0,1,1,0
54,28,48,4,2.8,2,0,0,0,1,0,0
45,19,122,4,4.1,2,0,0,0,1,0,1
28,4,81,3,1.5,1,276,0,0,1,0,0
62,37,22,1,1.5,2,111,0,0,1,0,0
46,19,24,3,0.67,2,0,0,0,1,0,0
50,24,188,3,1.3,1,184,0,0,0,1,1
62,36,28,3,0.7,2,0,0,0,1,0,0
31,4,39,2,1,2,0,0,0,0,0,0
44,20,180,2,7.6,1,524,0,0,0,1,0
43,19,29,3,0.5,1,97,0,0,1,0,0
64,38,42,2,0.7,3,137,0,0,1,0,0
54,28,79,4,2.6,3,0,0,0,0,0,0
57,33,61,3,2.67,1,0,0,0,1,0,0
52,27,35,4,0.2,2,0,0,0,1,0,0
54,29,49,2,2.1,3,95,0,0,1,1,0
57,32,174,1,6.8,2,466,0,0,1,0,1
58,32,63,1,1.6,1,0,1,0,1,0,0
37,11,43,1,2,1,0,0,0,1,0,0
35,9,81,1,2.7,2,0,0,0,1,0,0
32,6,122,2,1.3,1,0,0,0,1,1,0
34,7,52,2,1,2,0,0,0,1,0,0
44,20,82,4,1.4,2,201,0,0,1,1,0
50,24,30,4,0.1,1,161,0,0,1,1,0
29,5,122,4,3,1,0,0,0,0,1,1
50,25,38,1,1.4,3,0,0,0,1,0,0
55,29,35,3,1.4,1,0,0,0,0,0,0
39,15,61,2,0.6,3,127,0,0,0,0,0
51,25,31,2,0.4,3,161,0,0,1,1,0
58,32,111,2,1.4,1,298,0,0,1,0,0
56,31,84,1,0.1,3,0,0,0,1,0,0
43,18,83,3,0.5,3,0,0,0,0,1,0
62,37,38,1,1.1,3,0,0,0,1,0,0
